id,first_name,last_name,email,gender
1,DAVID,Jordan,djordan0@home.pl,Male
2,STEPHEN,Riley,sriley1@hugedomains.com,Male
3,EVELYN,Grant,egrant2@livejournal.com,Female
4,JOE,Mendoza,jmendoza3@un.org,Male
5,BENJAMIN,Rodriguez,brodriguez4@elpais.com,Male
6,KATHLEEN,Crawford,kcrawford5@cbsnews.com,Female
7,DANIEL,Marshall,dmarshall6@salon.com,Male
8,DIANA,Coleman,dcoleman7@amazonaws.com,Female
9,FRANCES,Black,fblack8@webnode.com,Female
10,TAMMY,Arnold,tarnold9@ebay.co.uk,Female
11,JEFFREY,Matthews,jmatthewsa@mapquest.com,Male
12,ROY,Harrison,rharrisonb@youtube.com,Male
13,ERNEST,Bishop,ebishopc@intel.com,Male
14,BRIAN,Griffin,bgriffind@issuu.com,Male
15,ALICE,Howell,ahowelle@boston.com,Female
16,EMILY,Garza,egarzaf@51.la,Female
17,SARAH,Perez,sperezg@mail.ru,Female
18,EARL,Harvey,eharveyh@cpanel.net,Male
19,LARRY,Watkins,lwatkinsi@archive.org,Male
20,TIMOTHY,Edwards,tedwardsj@altervista.org,Male
21,THERESA,Phillips,tphillipsk@1688.com,Female
22,TIMOTHY,Lawrence,tlawrencel@fema.gov,Male
23,GREGORY,Daniels,gdanielsm@goo.ne.jp,Male
24,LAURA,Ross,lrossn@delicious.com,Female
25,MARTIN,Burton,mburtono@stumbleupon.com,Male
26,ANTONIO,Chapman,achapmanp@trellian.com,Male
27,TINA,Lawson,tlawsonq@ed.gov,Female
28,HEATHER,Wallace,hwallacer@quantcast.com,Female
29,MARY,Stone,mstones@newyorker.com,Female
30,ANGELA,Flores,aflorest@deviantart.com,Female
31,ANDREW,Hudson,ahudsonu@nymag.com,Male
32,LILLIAN,Boyd,lboydv@forbes.com,Female
33,JULIA,Hawkins,jhawkinsw@ocn.ne.jp,Female
34,ALICE,Sullivan,asullivanx@shinystat.com,Female
35,ADAM,Tucker,atuckery@nasa.gov,Male
36,REBECCA,Fernandez,rfernandezz@symantec.com,Female
37,FRANK,Bailey,fbailey10@google.com.hk,Male
38,JULIA,Stephens,jstephens11@storify.com,Female
39,ANN,Carroll,acarroll12@msu.edu,Female
40,KENNETH,Duncan,kduncan13@ehow.com,Male
41,ROY,Flores,rflores14@ameblo.jp,Male
42,GARY,Dixon,gdixon15@jiathis.com,Male
43,LOIS,Pierce,lpierce16@surveymonkey.com,Female
44,BARBARA,Olson,bolson17@desdev.cn,Female
45,BRIAN,Daniels,bdaniels18@yelp.com,Male
46,HELEN,Campbell,hcampbell19@patch.com,Female
47,ADAM,Banks,abanks1a@cam.ac.uk,Male
48,FRANK,Murray,fmurray1b@ning.com,Male
49,CHRISTINA,Edwards,cedwards1c@stumbleupon.com,Female
50,STEPHANIE,Gonzalez,sgonzalez1d@patch.com,Female
51,STEVEN,Peterson,speterson1e@alibaba.com,Male
52,ROBIN,Sims,rsims1f@globo.com,Female
53,GERALD,Dean,gdean1g@prnewswire.com,Male
54,KIMBERLY,Ellis,kellis1h@mail.ru,Female
55,BRANDON,Franklin,bfranklin1i@php.net,Male
56,JANE,Fuller,jfuller1j@nationalgeographic.com,Female
57,ANDREW,Richardson,arichardson1k@mit.edu,Male
58,ADAM,Robertson,arobertson1l@webmd.com,Male
59,STEPHEN,Hunt,shunt1m@eepurl.com,Male
60,AMANDA,Carter,acarter1n@hc360.com,Female
61,ELIZABETH,Edwards,eedwards1o@fotki.com,Female
62,ANNA,Moreno,amoreno1p@linkedin.com,Female
63,REBECCA,Fisher,rfisher1q@weebly.com,Female
64,JESSE,Payne,jpayne1r@wufoo.com,Male
65,TAMMY,Spencer,tspencer1s@newyorker.com,Female
66,DOROTHY,Thomas,dthomas1t@moonfruit.com,Female
67,GERALD,Weaver,gweaver1u@sphinn.com,Male
68,SHAWN,Dean,sdean1v@boston.com,Male
69,REBECCA,George,rgeorge1w@wikispaces.com,Female
70,GERALD,Johnson,gjohnson1x@rambler.ru,Male
71,NORMA,Cox,ncox1y@pcworld.com,Female
72,JUAN,Woods,jwoods1z@ask.com,Male
73,TERRY,Ramos,tramos20@sitemeter.com,Male
74,DAVID,Anderson,danderson21@ucoz.com,Male
75,DONALD,Morgan,dmorgan22@wiley.com,Male
76,BILLY,Bryant,bbryant23@hatena.ne.jp,Male
77,WILLIE,Stone,wstone24@4shared.com,Male
78,TERRY,Porter,tporter25@mediafire.com,Male
79,GLORIA,Edwards,gedwards26@discuz.net,Female
80,JANICE,Payne,jpayne27@prnewswire.com,Female
81,AARON,Black,ablack28@xing.com,Male
82,JOSHUA,Nichols,jnichols29@sciencedaily.com,Male
83,DONNA,Ramos,dramos2a@whitehouse.gov,Female
84,JOHNNY,Romero,jromero2b@ed.gov,Male
85,PAULA,Nelson,pnelson2c@wordpress.com,Female
86,JACK,Hamilton,jhamilton2d@scientificamerican.com,Male
87,HOWARD,Hart,hhart2e@ted.com,Male
88,FRANK,Kim,fkim2f@foxnews.com,Male
89,MILDRED,Jenkins,mjenkins2g@livejournal.com,Female
90,BETTY,Dunn,bdunn2h@admin.ch,Female
91,ANNA,Porter,aporter2i@unc.edu,Female
92,ANN,Spencer,aspencer2j@sina.com.cn,Female
93,NICOLE,Cunningham,ncunningham2k@hugedomains.com,Female
94,PATRICIA,Dunn,pdunn2l@4shared.com,Female
95,SCOTT,Garrett,sgarrett2m@themeforest.net,Male
96,ADAM,Banks,abanks2n@scientificamerican.com,Male
97,ANTONIO,Franklin,afranklin2o@loc.gov,Male
98,JOE,Allen,jallen2p@quantcast.com,Male
99,REBECCA,Russell,rrussell2q@wordpress.com,Female
100,KATHY,Sanchez,ksanchez2r@ebay.co.uk,Female
